round,accuracy
1,0.05225105954970212
2,0.4170886239178838
3,0.582206442406059
4,0.6685694144752112
5,0.7201155403488562
6,0.7350566955804098
7,0.7592049723614418
8,0.7717046499832363
9,0.7834564101682384
