round,selected_clients,delivered_clients,dropped_offline,dropped_low_battery,dropped_partition,dropped_packet_loss,dropped_timeout,bytes_sent,bytes_received,uplink_time_s,downlink_time_s
1,40,0,0,0,40,0,0,0,0,0.0,0.0
2,40,38,0,0,0,2,0,65109200,65109200,101.40406101835019,101.40406101835019
3,40,39,0,0,0,1,0,66822600,66822600,102.05473099769821,102.05473099769821
4,40,37,0,0,0,3,0,63395800,63395800,107.87716613635541,107.87716613635541
5,40,36,0,0,0,4,0,61682400,61682400,112.74682385766253,112.74682385766253
6,40,35,0,0,0,5,0,59969000,59969000,143.6865885827134,143.6865885827134
7,40,37,0,0,0,3,0,63395800,63395800,102.41102976294786,102.41102976294786
8,40,33,0,0,0,7,0,56542200,56542200,88.79571353228515,88.79571353228515
9,40,37,0,0,0,2,1,63395800,63395800,149.14296596097248,149.14296596097248
