round,accuracy
1,0.023176843788416737
2,0.44194183437497314
3,0.5872613326685179
4,0.5872613326685179
5,0.6085812779931742
6,0.6085812779931742
