round,accuracy
1,0.09445251583951583
2,0.027458026357642083
