round,accuracy
1,0.08923428728626324
2,0.06867945290269337
