round,accuracy
1,0.004986116245282533
2,0.40613636168255635
3,0.5501921374104863
4,0.6580555865993828
5,0.69925981964014
6,0.7358475967779373
7,0.7671827583538939
8,0.7632454458705501
9,0.7869294980356422
