round,accuracy
1,0.4354254962475177
2,0.5934423974622388
3,0.6679332548163304
4,0.7151036338471326
5,0.7437652055053601
6,0.7612767896288782
7,0.7695984457072118
8,0.7897578294920179
9,0.7954488794133576
10,0.7962655708673263
