round,accuracy
1,0.04994712997429571
2,0.06855050162048779
3,0.048803761938739545
4,0.05285283219999484
5,0.1278337044264677
6,0.10282575243073167
7,0.13955107760288163
8,0.10490616645031507
9,0.10644498508463503
10,0.20851422332642727
