round,accuracy
1,0.24724259174883728
2,0.41248936151921806
3,0.5409076450916843
4,0.6242789474136671
5,0.6038874513208909
6,0.6905770999716307
7,0.7124128504251094
8,0.7299674183093627
9,0.7211127635979127
10,0.7224624536849978
11,0.7553708209038625
12,0.7208376675292074
13,0.7817886402517129
14,0.715868744788219
15,0.7584656516767965
16,0.7500408345726984
