round,accuracy
1,0.04499540073760133
2,0.07659706163011615
3,0.10424421653499308
4,0.05216509202823173
5,0.05216509202823173
6,0.06918666127936865
7,0.07326152179706506
8,0.09235490831563835
9,0.09235490831563835
10,0.11078634491888964
