round,accuracy
1,0.1465144468419831
2,0.19821531425427474
3,0.19821531425427474
4,0.32065885508454905
5,0.3968948531244896
6,0.5121858961684276
7,0.3942470534632016
8,0.21380122589685616
9,0.5438047505652365
10,0.5438047505652365
11,0.6263765549375446
12,0.6154672764629523
13,0.6236771747633744
14,0.6791950001289513
15,0.6387644747814276
16,0.6387644747814276
17,0.6486163527419341
18,0.6041883376460373
19,0.6619327218176972
20,0.6204104089474997
