round,accuracy
1,0.526680020288335
2,0.6502325421455774
3,0.6971364218598214
4,0.7311193830970659
5,0.7550785313308632
