round,selected_clients,delivered_clients,dropped_offline,dropped_low_battery,dropped_partition,dropped_packet_loss,dropped_timeout,bytes_sent,bytes_received,uplink_time_s,downlink_time_s
1,15,14,0,0,0,1,0,23987600,23987600,57.92346531608226,57.92346531608226
2,15,13,0,0,0,2,0,22274200,22274200,31.434968923652526,31.434968923652526
3,15,11,0,0,0,4,0,18847400,18847400,37.141772466473704,37.141772466473704
4,15,11,0,0,0,4,0,18847400,18847400,29.793978330335328,29.793978330335328
5,15,13,0,0,0,2,0,22274200,22274200,30.68812521021566,30.68812521021566
