round,accuracy
1,0.1145173353507045
2,0.06866225939839929
