round,accuracy
1,0.46737102722591406
2,0.6033888396963627
3,0.6750255753376374
4,0.7082778126423837
5,0.737102722591405
6,0.7535139224401022
7,0.7741547243451424
8,0.7880212855583161
9,0.7906003112024277
10,0.8034438589101037
