round,accuracy
1,0.4299149781212658
2,0.610773449790669
3,0.677140376365809
4,0.7090171333270291
5,0.736879207035582
6,0.7579670400522682
7,0.7570557843246821
8,0.7741203373365543
9,0.7876086414552582
10,0.7967641824918545
