round,accuracy
1,0.4114921382701615
2,0.5852324991618166
3,0.6646750857526027
4,0.7113382564067295
5,0.7332599743816786
6,0.7386243477214308
7,0.763219655614109
8,0.7619989168092295
9,0.7893537821411071
10,0.7961538130894148
