round,accuracy
1,0.33572036484616113
2,0.4734145439852824
3,0.5695606199977649
