round,selected_clients,delivered_clients,dropped_offline,dropped_low_battery,dropped_partition,dropped_packet_loss,dropped_timeout,bytes_sent,bytes_received,uplink_time_s,downlink_time_s
1,40,36,0,0,0,4,0,61682400,61682400,119.51852915721392,119.51852915721392
2,40,35,0,0,1,4,0,59969000,59969000,79.70786247294205,79.70786247294205
3,40,35,0,0,0,5,0,59969000,59969000,86.27463625725521,86.27463625725521
