round,accuracy
1,0.5114035917230471
2,0.5114035917230471
3,0.6422203691445372
4,0.664288231905986
5,0.7278354237768971
