round,accuracy
1,0.239436740799326
2,0.40016161894036434
3,0.5013797787195997
4,0.5588490668225544
5,0.6049878355957119
6,0.6585799884803522
7,0.6866139972318458
8,0.7055870292203605
9,0.6584338436938525
10,0.691075711596159
11,0.7438683665311245
12,0.7409368740489843
13,0.7440574950783594
14,0.7465247629445595
15,0.7748338677647585
16,0.6816364777387103
17,0.7553106436388333
18,0.7553106436388333
19,0.7746963197304059
20,0.7779716822984276
