round,accuracy
1,0.2248050686450659
2,0.27420200648195114
3,0.448999767887692
4,0.6000189128547235
5,0.601893004822778
6,0.6507139602658116
7,0.6922104828795681
8,0.7052947396473612
9,0.683330037911677
10,0.7118970452962871
