round,accuracy
1,0.5036923050471532
2,0.6098879843195241
3,0.6586573592496755
4,0.6895712799704272
5,0.7177514335084205
6,0.7418223395201293
