round,accuracy
1,0.3227908496170147
2,0.4559717338789405
