round,accuracy
1,0.19246408706790574
2,0.39680028885087215
3,0.3969464336373718
4,0.5014743429932171
5,0.37496453839739347
6,0.4582154861893177
7,0.5067183618029109
8,0.6494416409480498
9,0.6556313024939178
10,0.6908178090317478
