round,accuracy
1,0.05999673323418413
2,0.03472228192188991
